file_name,chromosome,starting_position,last_position
ukb23157_c1_b0_v1.vcf.gz,1,1,1218130
ukb23157_c1_b1_v1.vcf.gz,1,1218131,1426969
ukb23157_c1_b2_v1.vcf.gz,1,1426970,1758871
ukb23157_c1_b3_v1.vcf.gz,1,1758872,2514221
ukb23157_c1_b4_v1.vcf.gz,1,2514222,3782130
ukb23157_c1_b5_v1.vcf.gz,1,3782131,6445172
ukb23157_c1_b6_v1.vcf.gz,1,6445173,8357220
ukb23157_c1_b7_v1.vcf.gz,1,8357221,10269882
ukb23157_c1_b8_v1.vcf.gz,1,10269883,11232962
ukb23157_c1_b9_v1.vcf.gz,1,11232963,12243417
ukb23157_c1_b10_v1.vcf.gz,1,12243418,13448551
ukb23157_c1_b11_v1.vcf.gz,1,13448552,15769519
ukb23157_c1_b12_v1.vcf.gz,1,15769520,16759787
ukb23157_c1_b13_v1.vcf.gz,1,16759788,17633506
ukb23157_c1_b14_v1.vcf.gz,1,17633507,19315400
ukb23157_c1_b15_v1.vcf.gz,1,19315401,20971298
ukb23157_c1_b16_v1.vcf.gz,1,20971299,22120863
ukb23157_c1_b17_v1.vcf.gz,1,22120864,23964769
ukb23157_c1_b18_v1.vcf.gz,1,23964770,25808907
ukb23157_c1_b19_v1.vcf.gz,1,25808908,26746823
ukb23157_c1_b20_v1.vcf.gz,1,26746824,27902317
ukb23157_c1_b21_v1.vcf.gz,1,27902318,30920898
ukb23157_c1_b22_v1.vcf.gz,1,30920899,32164708
ukb23157_c1_b23_v1.vcf.gz,1,32164709,33309752
ukb23157_c1_b24_v1.vcf.gz,1,33309753,35375943
ukb23157_c1_b25_v1.vcf.gz,1,35375944,36325378
ukb23157_c1_b26_v1.vcf.gz,1,36325379,38443147
ukb23157_c1_b27_v1.vcf.gz,1,38443148,39853422
ukb23157_c1_b28_v1.vcf.gz,1,39853423,41664931
ukb23157_c1_b29_v1.vcf.gz,1,41664932,43421692
ukb23157_c1_b30_v1.vcf.gz,1,43421693,44652666
ukb23157_c1_b31_v1.vcf.gz,1,44652667,45698866
ukb23157_c1_b32_v1.vcf.gz,1,45698867,47116121
ukb23157_c1_b33_v1.vcf.gz,1,47116122,51791283
ukb23157_c1_b34_v1.vcf.gz,1,51791284,53214126
ukb23157_c1_b35_v1.vcf.gz,1,53214127,54813001
ukb23157_c1_b36_v1.vcf.gz,1,54813002,59897396
ukb23157_c1_b37_v1.vcf.gz,1,59897397,63657025
ukb23157_c1_b38_v1.vcf.gz,1,63657026,66995406
ukb23157_c1_b39_v1.vcf.gz,1,66995407,74190961
ukb23157_c1_b40_v1.vcf.gz,1,74190962,77931392
ukb23157_c1_b41_v1.vcf.gz,1,77931393,85162838
ukb23157_c1_b42_v1.vcf.gz,1,85162839,89054993
ukb23157_c1_b43_v1.vcf.gz,1,89054994,92328882
ukb23157_c1_b44_v1.vcf.gz,1,92328883,94488853
ukb23157_c1_b45_v1.vcf.gz,1,94488854,100365698
ukb23157_c1_b46_v1.vcf.gz,1,100365699,108649600
ukb23157_c1_b47_v1.vcf.gz,1,108649601,109486313
ukb23157_c1_b48_v1.vcf.gz,1,109486314,110638922
ukb23157_c1_b49_v1.vcf.gz,1,110638923,112718767
ukb23157_c1_b50_v1.vcf.gz,1,112718768,114818035
ukb23157_c1_b51_v1.vcf.gz,1,114818036,117951432
ukb23157_c1_b52_v1.vcf.gz,1,117951433,144508099
ukb23157_c1_b53_v1.vcf.gz,1,144508100,147623186
ukb23157_c1_b54_v1.vcf.gz,1,147623187,150274955
ukb23157_c1_b55_v1.vcf.gz,1,150274956,151136299
ukb23157_c1_b56_v1.vcf.gz,1,151136300,151821604
ukb23157_c1_b57_v1.vcf.gz,1,151821605,152714448
ukb23157_c1_b58_v1.vcf.gz,1,152714449,153956613
ukb23157_c1_b59_v1.vcf.gz,1,153956614,154863905
ukb23157_c1_b60_v1.vcf.gz,1,154863906,155283406
ukb23157_c1_b61_v1.vcf.gz,1,155283407,156079613
ukb23157_c1_b62_v1.vcf.gz,1,156079614,156723992
ukb23157_c1_b63_v1.vcf.gz,1,156723993,157758236
ukb23157_c1_b64_v1.vcf.gz,1,157758237,159377208
ukb23157_c1_b65_v1.vcf.gz,1,159377209,160420009
ukb23157_c1_b66_v1.vcf.gz,1,160420010,161319019
ukb23157_c1_b67_v1.vcf.gz,1,161319020,165598031
ukb23157_c1_b68_v1.vcf.gz,1,165598032,168580614
ukb23157_c1_b69_v1.vcf.gz,1,168580615,171336059
ukb23157_c1_b70_v1.vcf.gz,1,171336060,173916201
ukb23157_c1_b71_v1.vcf.gz,1,173916202,178452065
ukb23157_c1_b72_v1.vcf.gz,1,178452066,180421825
ukb23157_c1_b73_v1.vcf.gz,1,180421826,183224465
ukb23157_c1_b74_v1.vcf.gz,1,183224466,186039366
ukb23157_c1_b75_v1.vcf.gz,1,186039367,193136836
ukb23157_c1_b76_v1.vcf.gz,1,193136837,198259531
ukb23157_c1_b77_v1.vcf.gz,1,198259532,201213898
ukb23157_c1_b78_v1.vcf.gz,1,201213899,202475814
ukb23157_c1_b79_v1.vcf.gz,1,202475815,204113727
ukb23157_c1_b80_v1.vcf.gz,1,204113728,205251445
ukb23157_c1_b81_v1.vcf.gz,1,205251446,206904038
ukb23157_c1_b82_v1.vcf.gz,1,206904039,209609462
ukb23157_c1_b83_v1.vcf.gz,1,209609463,212656726
ukb23157_c1_b84_v1.vcf.gz,1,212656727,216023496
ukb23157_c1_b85_v1.vcf.gz,1,216023497,222525331
ukb23157_c1_b86_v1.vcf.gz,1,222525332,224649106
ukb23157_c1_b87_v1.vcf.gz,1,224649107,226644645
ukb23157_c1_b88_v1.vcf.gz,1,226644646,228282611
ukb23157_c1_b89_v1.vcf.gz,1,228282612,229604518
ukb23157_c1_b90_v1.vcf.gz,1,229604519,231837119
ukb23157_c1_b91_v1.vcf.gz,1,231837120,235433687
ukb23157_c1_b92_v1.vcf.gz,1,235433688,236868663
ukb23157_c1_b93_v1.vcf.gz,1,236868664,241857993
ukb23157_c1_b94_v1.vcf.gz,1,241857994,246774026
ukb23157_c1_b95_v1.vcf.gz,1,246774027,248375117
ukb23157_c1_b96_v1.vcf.gz,1,248375118,248956422
ukb23157_c2_b0_v1.vcf.gz,2,1,6856433
ukb23157_c2_b1_v1.vcf.gz,2,6856434,10444370
ukb23157_c2_b2_v1.vcf.gz,2,10444371,15576618
ukb23157_c2_b3_v1.vcf.gz,2,15576619,21017820
ukb23157_c2_b4_v1.vcf.gz,2,21017821,25150827
ukb23157_c2_b5_v1.vcf.gz,2,25150828,26567400
ukb23157_c2_b6_v1.vcf.gz,2,26567401,27327034
ukb23157_c2_b7_v1.vcf.gz,2,27327035,28535239
ukb23157_c2_b8_v1.vcf.gz,2,28535240,31192614
ukb23157_c2_b9_v1.vcf.gz,2,31192615,33261165
ukb23157_c2_b10_v1.vcf.gz,2,33261166,37304753
ukb23157_c2_b11_v1.vcf.gz,2,37304754,42051038
ukb23157_c2_b12_v1.vcf.gz,2,42051039,43903607
ukb23157_c2_b13_v1.vcf.gz,2,43903608,47067336
ukb23157_c2_b14_v1.vcf.gz,2,47067337,53790858
ukb23157_c2_b15_v1.vcf.gz,2,53790859,55277784
ukb23157_c2_b16_v1.vcf.gz,2,55277785,61117783
ukb23157_c2_b17_v1.vcf.gz,2,61117784,63967461
ukb23157_c2_b18_v1.vcf.gz,2,63967462,69391658
ukb23157_c2_b19_v1.vcf.gz,2,69391659,71094238
ukb23157_c2_b20_v1.vcf.gz,2,71094239,73280543
ukb23157_c2_b21_v1.vcf.gz,2,73280544,74448466
ukb23157_c2_b22_v1.vcf.gz,2,74448467,80106023
ukb23157_c2_b23_v1.vcf.gz,2,80106024,85666923
ukb23157_c2_b24_v1.vcf.gz,2,85666924,87926778
ukb23157_c2_b25_v1.vcf.gz,2,87926779,96119999
ukb23157_c2_b26_v1.vcf.gz,2,96120000,96864543
ukb23157_c2_b27_v1.vcf.gz,2,96864544,98541775
ukb23157_c2_b28_v1.vcf.gz,2,98541776,100975200
ukb23157_c2_b29_v1.vcf.gz,2,100975201,103844963
ukb23157_c2_b30_v1.vcf.gz,2,103844964,108752495
ukb23157_c2_b31_v1.vcf.gz,2,108752496,112009211
ukb23157_c2_b32_v1.vcf.gz,2,112009212,113639763
ukb23157_c2_b33_v1.vcf.gz,2,113639764,120153584
ukb23157_c2_b34_v1.vcf.gz,2,120153585,127514713
ukb23157_c2_b35_v1.vcf.gz,2,127514714,130153575
ukb23157_c2_b36_v1.vcf.gz,2,130153576,131642477
ukb23157_c2_b37_v1.vcf.gz,2,131642478,135820040
ukb23157_c2_b38_v1.vcf.gz,2,135820041,147941341
ukb23157_c2_b39_v1.vcf.gz,2,147941342,151630179
ukb23157_c2_b40_v1.vcf.gz,2,151630180,157897345
ukb23157_c2_b41_v1.vcf.gz,2,157897346,160815161
ukb23157_c2_b42_v1.vcf.gz,2,160815162,165164142
ukb23157_c2_b43_v1.vcf.gz,2,165164143,168896035
ukb23157_c2_b44_v1.vcf.gz,2,168896036,170375696
ukb23157_c2_b45_v1.vcf.gz,2,170375697,173206799
ukb23157_c2_b46_v1.vcf.gz,2,173206800,177264210
ukb23157_c2_b47_v1.vcf.gz,2,177264211,178595076
ukb23157_c2_b48_v1.vcf.gz,2,178595077,178768413
ukb23157_c2_b49_v1.vcf.gz,2,178768414,182957024
ukb23157_c2_b50_v1.vcf.gz,2,182957025,189057927
ukb23157_c2_b51_v1.vcf.gz,2,189057928,191355427
ukb23157_c2_b52_v1.vcf.gz,2,191355428,196992254
ukb23157_c2_b53_v1.vcf.gz,2,196992255,200894335
ukb23157_c2_b54_v1.vcf.gz,2,200894336,202119329
ukb23157_c2_b55_v1.vcf.gz,2,202119330,205899712
ukb23157_c2_b56_v1.vcf.gz,2,205899713,208381174
ukb23157_c2_b57_v1.vcf.gz,2,208381175,213972047
ukb23157_c2_b58_v1.vcf.gz,2,213972048,217854535
ukb23157_c2_b59_v1.vcf.gz,2,217854536,218745461
ukb23157_c2_b60_v1.vcf.gz,2,218745462,219299541
ukb23157_c2_b61_v1.vcf.gz,2,219299542,219637987
ukb23157_c2_b62_v1.vcf.gz,2,219637988,227001423
ukb23157_c2_b63_v1.vcf.gz,2,227001424,230171228
ukb23157_c2_b64_v1.vcf.gz,2,230171229,232332307
ukb23157_c2_b65_v1.vcf.gz,2,232332308,233345077
ukb23157_c2_b66_v1.vcf.gz,2,233345078,236122183
ukb23157_c2_b67_v1.vcf.gz,2,236122184,238151501
ukb23157_c2_b68_v1.vcf.gz,2,238151502,240653713
ukb23157_c2_b69_v1.vcf.gz,2,240653714,241226876
ukb23157_c2_b70_v1.vcf.gz,2,241226877,242193529
ukb23157_c3_b0_v1.vcf.gz,3,1,7433884
ukb23157_c3_b1_v1.vcf.gz,3,7433885,9838619
ukb23157_c3_b2_v1.vcf.gz,3,9838620,11279598
ukb23157_c3_b3_v1.vcf.gz,3,11279599,13389831
ukb23157_c3_b4_v1.vcf.gz,3,13389832,15253672
ukb23157_c3_b5_v1.vcf.gz,3,15253673,19935177
ukb23157_c3_b6_v1.vcf.gz,3,19935178,27470521
ukb23157_c3_b7_v1.vcf.gz,3,27470522,33248154
ukb23157_c3_b8_v1.vcf.gz,3,33248155,37351198
ukb23157_c3_b9_v1.vcf.gz,3,37351199,38607480
ukb23157_c3_b10_v1.vcf.gz,3,38607481,41237362
ukb23157_c3_b11_v1.vcf.gz,3,41237363,43192317
ukb23157_c3_b12_v1.vcf.gz,3,43192318,45498407
ukb23157_c3_b13_v1.vcf.gz,3,45498408,46996160
ukb23157_c3_b14_v1.vcf.gz,3,46996161,47913618
ukb23157_c3_b15_v1.vcf.gz,3,47913619,48628226
ukb23157_c3_b16_v1.vcf.gz,3,48628227,49131265
ukb23157_c3_b17_v1.vcf.gz,3,49131266,49812306
ukb23157_c3_b18_v1.vcf.gz,3,49812307,50377905
ukb23157_c3_b19_v1.vcf.gz,3,50377906,52066126
ukb23157_c3_b20_v1.vcf.gz,3,52066127,52508149
ukb23157_c3_b21_v1.vcf.gz,3,52508150,53124874
ukb23157_c3_b22_v1.vcf.gz,3,53124875,56678200
ukb23157_c3_b23_v1.vcf.gz,3,56678201,58270182
ukb23157_c3_b24_v1.vcf.gz,3,58270183,64120865
ukb23157_c3_b25_v1.vcf.gz,3,64120866,69196647
ukb23157_c3_b26_v1.vcf.gz,3,69196648,78664998
ukb23157_c3_b27_v1.vcf.gz,3,78664999,98110399
ukb23157_c3_b28_v1.vcf.gz,3,98110400,100864454
ukb23157_c3_b29_v1.vcf.gz,3,100864455,108480802
ukb23157_c3_b30_v1.vcf.gz,3,108480803,112335114
ukb23157_c3_b31_v1.vcf.gz,3,112335115,114005126
ukb23157_c3_b32_v1.vcf.gz,3,114005127,120647464
ukb23157_c3_b33_v1.vcf.gz,3,120647465,122536637
ukb23157_c3_b34_v1.vcf.gz,3,122536638,124432540
ukb23157_c3_b35_v1.vcf.gz,3,124432541,126456188
ukb23157_c3_b36_v1.vcf.gz,3,126456189,128623971
ukb23157_c3_b37_v1.vcf.gz,3,128623972,130092661
ukb23157_c3_b38_v1.vcf.gz,3,130092662,132504341
ukb23157_c3_b39_v1.vcf.gz,3,132504342,134622954
ukb23157_c3_b40_v1.vcf.gz,3,134622955,138631042
ukb23157_c3_b41_v1.vcf.gz,3,138631043,142415715
ukb23157_c3_b42_v1.vcf.gz,3,142415716,148944173
ukb23157_c3_b43_v1.vcf.gz,3,148944174,151444401
ukb23157_c3_b44_v1.vcf.gz,3,151444402,157276109
ukb23157_c3_b45_v1.vcf.gz,3,157276110,161434770
ukb23157_c3_b46_v1.vcf.gz,3,161434771,170132985
ukb23157_c3_b47_v1.vcf.gz,3,170132986,179133317
ukb23157_c3_b48_v1.vcf.gz,3,179133318,183111760
ukb23157_c3_b49_v1.vcf.gz,3,183111761,184240413
ukb23157_c3_b50_v1.vcf.gz,3,184240414,185486996
ukb23157_c3_b51_v1.vcf.gz,3,185486997,187274272
ukb23157_c3_b52_v1.vcf.gz,3,187274273,193656053
ukb23157_c3_b53_v1.vcf.gz,3,193656054,195801616
ukb23157_c3_b54_v1.vcf.gz,3,195801617,197610730
ukb23157_c3_b55_v1.vcf.gz,3,197610731,198295559
ukb23157_c4_b0_v1.vcf.gz,4,1,968154
ukb23157_c4_b1_v1.vcf.gz,4,968155,1815118
ukb23157_c4_b2_v1.vcf.gz,4,1815119,2826212
ukb23157_c4_b3_v1.vcf.gz,4,2826213,3506899
ukb23157_c4_b4_v1.vcf.gz,4,3506900,6312884
ukb23157_c4_b5_v1.vcf.gz,4,6312885,8230309
ukb23157_c4_b6_v1.vcf.gz,4,8230310,13589588
ukb23157_c4_b7_v1.vcf.gz,4,13589589,17792394
ukb23157_c4_b8_v1.vcf.gz,4,17792395,25357145
ukb23157_c4_b9_v1.vcf.gz,4,25357146,38053711
ukb23157_c4_b10_v1.vcf.gz,4,38053712,40783430
ukb23157_c4_b11_v1.vcf.gz,4,40783431,47452361
ukb23157_c4_b12_v1.vcf.gz,4,47452362,51996956
ukb23157_c4_b13_v1.vcf.gz,4,51996957,55970198
ukb23157_c4_b14_v1.vcf.gz,4,55970199,67516420
ukb23157_c4_b15_v1.vcf.gz,4,67516421,70201879
ukb23157_c4_b16_v1.vcf.gz,4,70201880,73409079
ukb23157_c4_b17_v1.vcf.gz,4,73409080,76078890
ukb23157_c4_b18_v1.vcf.gz,4,76078891,78547798
ukb23157_c4_b19_v1.vcf.gz,4,78547799,83290128
ukb23157_c4_b20_v1.vcf.gz,4,83290129,87125620
ukb23157_c4_b21_v1.vcf.gz,4,87125621,89181186
ukb23157_c4_b22_v1.vcf.gz,4,89181187,99299376
ukb23157_c4_b23_v1.vcf.gz,4,99299377,103088857
ukb23157_c4_b24_v1.vcf.gz,4,103088858,108167175
ukb23157_c4_b25_v1.vcf.gz,4,108167176,112619845
ukb23157_c4_b26_v1.vcf.gz,4,112619846,119296773
ukb23157_c4_b27_v1.vcf.gz,4,119296774,122247496
ukb23157_c4_b28_v1.vcf.gz,4,122247497,127783089
ukb23157_c4_b29_v1.vcf.gz,4,127783090,140021913
ukb23157_c4_b30_v1.vcf.gz,4,140021914,145347303
ukb23157_c4_b31_v1.vcf.gz,4,145347304,151113341
ukb23157_c4_b32_v1.vcf.gz,4,151113342,154538606
ukb23157_c4_b33_v1.vcf.gz,4,154538607,158909856
ukb23157_c4_b34_v1.vcf.gz,4,158909857,168418048
ukb23157_c4_b35_v1.vcf.gz,4,168418049,175907711
ukb23157_c4_b36_v1.vcf.gz,4,175907712,184675345
ukb23157_c4_b37_v1.vcf.gz,4,184675346,186163184
ukb23157_c4_b38_v1.vcf.gz,4,186163185,190214555
ukb23157_c5_b0_v1.vcf.gz,5,1,1033866
ukb23157_c5_b1_v1.vcf.gz,5,1033867,5465779
ukb23157_c5_b2_v1.vcf.gz,5,5465780,13715553
ukb23157_c5_b3_v1.vcf.gz,5,13715554,16762328
ukb23157_c5_b4_v1.vcf.gz,5,16762329,33456741
ukb23157_c5_b5_v1.vcf.gz,5,33456742,36171022
ukb23157_c5_b6_v1.vcf.gz,5,36171023,38511253
ukb23157_c5_b7_v1.vcf.gz,5,38511254,41862022
ukb23157_c5_b8_v1.vcf.gz,5,41862023,53085202
ukb23157_c5_b9_v1.vcf.gz,5,53085203,56901662
ukb23157_c5_b10_v1.vcf.gz,5,56901663,65171802
ukb23157_c5_b11_v1.vcf.gz,5,65171803,69261070
ukb23157_c5_b12_v1.vcf.gz,5,69261071,73473514
ukb23157_c5_b13_v1.vcf.gz,5,73473515,76603575
ukb23157_c5_b14_v1.vcf.gz,5,76603576,79741614
ukb23157_c5_b15_v1.vcf.gz,5,79741615,83543902
ukb23157_c5_b16_v1.vcf.gz,5,83543903,90859828
ukb23157_c5_b17_v1.vcf.gz,5,90859829,96765688
ukb23157_c5_b18_v1.vcf.gz,5,96765689,107951051
ukb23157_c5_b19_v1.vcf.gz,5,107951052,112996926
ukb23157_c5_b20_v1.vcf.gz,5,112996927,119148104
ukb23157_c5_b21_v1.vcf.gz,5,119148105,126560208
ukb23157_c5_b22_v1.vcf.gz,5,126560209,131444509
ukb23157_c5_b23_v1.vcf.gz,5,131444510,132901782
ukb23157_c5_b24_v1.vcf.gz,5,132901783,135706830
ukb23157_c5_b25_v1.vcf.gz,5,135706831,138407571
ukb23157_c5_b26_v1.vcf.gz,5,138407572,140371306
ukb23157_c5_b27_v1.vcf.gz,5,140371307,140873465
ukb23157_c5_b28_v1.vcf.gz,5,140873466,141358911
ukb23157_c5_b29_v1.vcf.gz,5,141358912,141867351
ukb23157_c5_b30_v1.vcf.gz,5,141867352,146553029
ukb23157_c5_b31_v1.vcf.gz,5,146553030,149500153
ukb23157_c5_b32_v1.vcf.gz,5,149500154,150524785
ukb23157_c5_b33_v1.vcf.gz,5,150524786,151800108
ukb23157_c5_b34_v1.vcf.gz,5,151800109,157386273
ukb23157_c5_b35_v1.vcf.gz,5,157386274,161328936
ukb23157_c5_b36_v1.vcf.gz,5,161328937,170048934
ukb23157_c5_b37_v1.vcf.gz,5,170048935,173198244
ukb23157_c5_b38_v1.vcf.gz,5,173198245,176888038
ukb23157_c5_b39_v1.vcf.gz,5,176888039,177528243
ukb23157_c5_b40_v1.vcf.gz,5,177528244,179600356
ukb23157_c5_b41_v1.vcf.gz,5,179600357,180627573
ukb23157_c5_b42_v1.vcf.gz,5,180627574,181538259
ukb23157_c6_b0_v1.vcf.gz,6,1,3590088
ukb23157_c6_b1_v1.vcf.gz,6,3590089,7786379
ukb23157_c6_b2_v1.vcf.gz,6,7786380,13106866
ukb23157_c6_b3_v1.vcf.gz,6,13106867,17778150
ukb23157_c6_b4_v1.vcf.gz,6,17778151,24710414
ukb23157_c6_b5_v1.vcf.gz,6,24710415,26210609
ukb23157_c6_b6_v1.vcf.gz,6,26210610,28286393
ukb23157_c6_b7_v1.vcf.gz,6,28286394,30492028
ukb23157_c6_b8_v1.vcf.gz,6,30492029,31031147
ukb23157_c6_b9_v1.vcf.gz,6,31031148,31726155
ukb23157_c6_b10_v1.vcf.gz,6,31726156,32041241
ukb23157_c6_b11_v1.vcf.gz,6,32041242,32760395
ukb23157_c6_b12_v1.vcf.gz,6,32760396,33322419
ukb23157_c6_b13_v1.vcf.gz,6,33322420,34872118
ukb23157_c6_b14_v1.vcf.gz,6,34872119,36130985
ukb23157_c6_b15_v1.vcf.gz,6,36130986,37479633
ukb23157_c6_b16_v1.vcf.gz,6,37479634,39913160
ukb23157_c6_b17_v1.vcf.gz,6,39913161,42258769
ukb23157_c6_b18_v1.vcf.gz,6,42258770,43199060
ukb23157_c6_b19_v1.vcf.gz,6,43199061,43771648
ukb23157_c6_b20_v1.vcf.gz,6,43771649,46666797
ukb23157_c6_b21_v1.vcf.gz,6,46666798,49811251
ukb23157_c6_b22_v1.vcf.gz,6,49811252,53499505
ukb23157_c6_b23_v1.vcf.gz,6,53499506,56634359
ukb23157_c6_b24_v1.vcf.gz,6,56634360,69335961
ukb23157_c6_b25_v1.vcf.gz,6,69335962,73403339
ukb23157_c6_b26_v1.vcf.gz,6,73403340,78900704
ukb23157_c6_b27_v1.vcf.gz,6,78900705,83672179
ukb23157_c6_b28_v1.vcf.gz,6,83672180,88891200
ukb23157_c6_b29_v1.vcf.gz,6,88891201,95600836
ukb23157_c6_b30_v1.vcf.gz,6,95600837,103399086
ukb23157_c6_b31_v1.vcf.gz,6,103399087,108961853
ukb23157_c6_b32_v1.vcf.gz,6,108961854,110961503
ukb23157_c6_b33_v1.vcf.gz,6,110961504,116620038
ukb23157_c6_b34_v1.vcf.gz,6,116620039,121109333
ukb23157_c6_b35_v1.vcf.gz,6,121109334,127546943
ukb23157_c6_b36_v1.vcf.gz,6,127546944,131617204
ukb23157_c6_b37_v1.vcf.gz,6,131617205,135183719
ukb23157_c6_b38_v1.vcf.gz,6,135183720,138404870
ukb23157_c6_b39_v1.vcf.gz,6,138404871,144432837
ukb23157_c6_b40_v1.vcf.gz,6,144432838,148817331
ukb23157_c6_b41_v1.vcf.gz,6,148817332,151431665
ukb23157_c6_b42_v1.vcf.gz,6,151431666,154412720
ukb23157_c6_b43_v1.vcf.gz,6,154412721,158577231
ukb23157_c6_b44_v1.vcf.gz,6,158577232,160136438
ukb23157_c6_b45_v1.vcf.gz,6,160136439,166464695
ukb23157_c6_b46_v1.vcf.gz,6,166464696,169633747
ukb23157_c6_b47_v1.vcf.gz,6,169633748,170805979
ukb23157_c7_b0_v1.vcf.gz,7,1,1477233
ukb23157_c7_b1_v1.vcf.gz,7,1477234,2608800
ukb23157_c7_b2_v1.vcf.gz,7,2608801,4816851
ukb23157_c7_b3_v1.vcf.gz,7,4816852,5990963
ukb23157_c7_b4_v1.vcf.gz,7,5990964,6825407
ukb23157_c7_b5_v1.vcf.gz,7,6825408,14162754
ukb23157_c7_b6_v1.vcf.gz,7,14162755,20646722
ukb23157_c7_b7_v1.vcf.gz,7,20646723,23187589
ukb23157_c7_b8_v1.vcf.gz,7,23187590,27150018
ukb23157_c7_b9_v1.vcf.gz,7,27150019,30684456
ukb23157_c7_b10_v1.vcf.gz,7,30684457,34968201
ukb23157_c7_b11_v1.vcf.gz,7,34968202,40083488
ukb23157_c7_b12_v1.vcf.gz,7,40083489,44231937
ukb23157_c7_b13_v1.vcf.gz,7,44231938,47299699
ukb23157_c7_b14_v1.vcf.gz,7,47299700,50473397
ukb23157_c7_b15_v1.vcf.gz,7,50473398,57126352
ukb23157_c7_b16_v1.vcf.gz,7,57126353,71673659
ukb23157_c7_b17_v1.vcf.gz,7,71673660,74067716
ukb23157_c7_b18_v1.vcf.gz,7,74067717,75813532
ukb23157_c7_b19_v1.vcf.gz,7,75813533,77926645
ukb23157_c7_b20_v1.vcf.gz,7,77926646,85077298
ukb23157_c7_b21_v1.vcf.gz,7,85077299,90241194
ukb23157_c7_b22_v1.vcf.gz,7,90241195,93118656
ukb23157_c7_b23_v1.vcf.gz,7,93118657,96402907
ukb23157_c7_b24_v1.vcf.gz,7,96402908,99346683
ukb23157_c7_b25_v1.vcf.gz,7,99346684,100096733
ukb23157_c7_b26_v1.vcf.gz,7,100096734,100591011
ukb23157_c7_b27_v1.vcf.gz,7,100591012,100962070
ukb23157_c7_b28_v1.vcf.gz,7,100962071,101244549
ukb23157_c7_b29_v1.vcf.gz,7,101244550,102754827
ukb23157_c7_b30_v1.vcf.gz,7,102754828,105458546
ukb23157_c7_b31_v1.vcf.gz,7,105458547,107931836
ukb23157_c7_b32_v1.vcf.gz,7,107931837,114658811
ukb23157_c7_b33_v1.vcf.gz,7,114658812,121900856
ukb23157_c7_b34_v1.vcf.gz,7,121900857,127611370
ukb23157_c7_b35_v1.vcf.gz,7,127611371,128905329
ukb23157_c7_b36_v1.vcf.gz,7,128905330,131496019
ukb23157_c7_b37_v1.vcf.gz,7,131496020,135603666
ukb23157_c7_b38_v1.vcf.gz,7,135603667,139082011
ukb23157_c7_b39_v1.vcf.gz,7,139082012,140785352
ukb23157_c7_b40_v1.vcf.gz,7,140785353,143161530
ukb23157_c7_b41_v1.vcf.gz,7,143161531,147771435
ukb23157_c7_b42_v1.vcf.gz,7,147771436,149804748
ukb23157_c7_b43_v1.vcf.gz,7,149804749,151020280
ukb23157_c7_b44_v1.vcf.gz,7,151020281,151783950
ukb23157_c7_b45_v1.vcf.gz,7,151783951,156728325
ukb23157_c7_b46_v1.vcf.gz,7,156728326,159345973
ukb23157_c8_b0_v1.vcf.gz,8,1,3109452
ukb23157_c8_b1_v1.vcf.gz,8,3109453,8379747
ukb23157_c8_b2_v1.vcf.gz,8,8379748,11693748
ukb23157_c8_b3_v1.vcf.gz,8,11693749,16166354
ukb23157_c8_b4_v1.vcf.gz,8,16166355,18311482
ukb23157_c8_b5_v1.vcf.gz,8,18311483,22108013
ukb23157_c8_b6_v1.vcf.gz,8,22108014,22692685
ukb23157_c8_b7_v1.vcf.gz,8,22692686,25294342
ukb23157_c8_b8_v1.vcf.gz,8,25294343,27654204
ukb23157_c8_b9_v1.vcf.gz,8,27654205,30178310
ukb23157_c8_b10_v1.vcf.gz,8,30178311,37737457
ukb23157_c8_b11_v1.vcf.gz,8,37737458,38989714
ukb23157_c8_b12_v1.vcf.gz,8,38989715,42190221
ukb23157_c8_b13_v1.vcf.gz,8,42190222,47881715
ukb23157_c8_b14_v1.vcf.gz,8,47881716,54468757
ukb23157_c8_b15_v1.vcf.gz,8,54468758,61415459
ukb23157_c8_b16_v1.vcf.gz,8,61415460,67114887
ukb23157_c8_b17_v1.vcf.gz,8,67114888,72053258
ukb23157_c8_b18_v1.vcf.gz,8,72053259,80058953
ukb23157_c8_b19_v1.vcf.gz,8,80058954,86896345
ukb23157_c8_b20_v1.vcf.gz,8,86896346,94316336
ukb23157_c8_b21_v1.vcf.gz,8,94316337,98129258
ukb23157_c8_b22_v1.vcf.gz,8,98129259,100953162
ukb23157_c8_b23_v1.vcf.gz,8,100953163,106683775
ukb23157_c8_b24_v1.vcf.gz,8,106683776,112890446
ukb23157_c8_b25_v1.vcf.gz,8,112890447,120508397
ukb23157_c8_b26_v1.vcf.gz,8,120508398,124558293
ukb23157_c8_b27_v1.vcf.gz,8,124558294,132801495
ukb23157_c8_b28_v1.vcf.gz,8,132801496,139660904
ukb23157_c8_b29_v1.vcf.gz,8,139660905,142470227
ukb23157_c8_b30_v1.vcf.gz,8,142470228,143472028
ukb23157_c8_b31_v1.vcf.gz,8,143472029,143840467
ukb23157_c8_b32_v1.vcf.gz,8,143840468,144171642
ukb23157_c8_b33_v1.vcf.gz,8,144171643,144473843
ukb23157_c8_b34_v1.vcf.gz,8,144473844,145138636
ukb23157_c9_b0_v1.vcf.gz,9,1,2767028
ukb23157_c9_b1_v1.vcf.gz,9,2767029,5810670
ukb23157_c9_b2_v1.vcf.gz,9,5810671,13124256
ukb23157_c9_b3_v1.vcf.gz,9,13124257,17139356
ukb23157_c9_b4_v1.vcf.gz,9,17139357,20767552
ukb23157_c9_b5_v1.vcf.gz,9,20767553,27205823
ukb23157_c9_b6_v1.vcf.gz,9,27205824,33567992
ukb23157_c9_b7_v1.vcf.gz,9,33567993,35077769
ukb23157_c9_b8_v1.vcf.gz,9,35077770,35800955
ukb23157_c9_b9_v1.vcf.gz,9,35800956,37784391
ukb23157_c9_b10_v1.vcf.gz,9,37784392,66953599
ukb23157_c9_b11_v1.vcf.gz,9,66953600,70370053
ukb23157_c9_b12_v1.vcf.gz,9,70370054,76230532
ukb23157_c9_b13_v1.vcf.gz,9,76230533,82488938
ukb23157_c9_b14_v1.vcf.gz,9,82488939,86030587
ukb23157_c9_b15_v1.vcf.gz,9,86030588,89411990
ukb23157_c9_b16_v1.vcf.gz,9,89411991,93130390
ukb23157_c9_b17_v1.vcf.gz,9,93130391,95490067
ukb23157_c9_b18_v1.vcf.gz,9,95490068,97877870
ukb23157_c9_b19_v1.vcf.gz,9,97877871,100343220
ukb23157_c9_b20_v1.vcf.gz,9,100343221,105395363
ukb23157_c9_b21_v1.vcf.gz,9,105395364,109455873
ukb23157_c9_b22_v1.vcf.gz,9,109455874,112106969
ukb23157_c9_b23_v1.vcf.gz,9,112106970,114071334
ukb23157_c9_b24_v1.vcf.gz,9,114071335,116669244
ukb23157_c9_b25_v1.vcf.gz,9,116669245,121330351
ukb23157_c9_b26_v1.vcf.gz,9,121330352,123364552
ukb23157_c9_b27_v1.vcf.gz,9,123364553,126331250
ukb23157_c9_b28_v1.vcf.gz,9,126331251,127787149
ukb23157_c9_b29_v1.vcf.gz,9,127787150,128358064
ukb23157_c9_b30_v1.vcf.gz,9,128358065,128935252
ukb23157_c9_b31_v1.vcf.gz,9,128935253,130186659
ukb23157_c9_b32_v1.vcf.gz,9,130186660,131163521
ukb23157_c9_b33_v1.vcf.gz,9,131163522,132670423
ukb23157_c9_b34_v1.vcf.gz,9,132670424,133404418
ukb23157_c9_b35_v1.vcf.gz,9,133404419,134700646
ukb23157_c9_b36_v1.vcf.gz,9,134700647,135823604
ukb23157_c9_b37_v1.vcf.gz,9,135823605,136456804
ukb23157_c9_b38_v1.vcf.gz,9,136456805,136859601
ukb23157_c9_b39_v1.vcf.gz,9,136859602,137157707
ukb23157_c9_b40_v1.vcf.gz,9,137157708,137463123
ukb23157_c9_b41_v1.vcf.gz,9,137463124,138394717
ukb23157_c10_b0_v1.vcf.gz,10,1,4905487
ukb23157_c10_b1_v1.vcf.gz,10,4905488,7193382
ukb23157_c10_b2_v1.vcf.gz,10,7193383,12185592
ukb23157_c10_b3_v1.vcf.gz,10,12185593,15071688
ukb23157_c10_b4_v1.vcf.gz,10,15071689,17601485
ukb23157_c10_b5_v1.vcf.gz,10,17601486,21749349
ukb23157_c10_b6_v1.vcf.gz,10,21749350,26283715
ukb23157_c10_b7_v1.vcf.gz,10,26283716,29525837
ukb23157_c10_b8_v1.vcf.gz,10,29525838,34606738
ukb23157_c10_b9_v1.vcf.gz,10,34606739,43566093
ukb23157_c10_b10_v1.vcf.gz,10,43566094,46385592
ukb23157_c10_b11_v1.vcf.gz,10,46385593,48944744
ukb23157_c10_b12_v1.vcf.gz,10,48944745,50624368
ukb23157_c10_b13_v1.vcf.gz,10,50624369,60177257
ukb23157_c10_b14_v1.vcf.gz,10,60177258,67990651
ukb23157_c10_b15_v1.vcf.gz,10,67990652,69266213
ukb23157_c10_b16_v1.vcf.gz,10,69266214,71287233
ukb23157_c10_b17_v1.vcf.gz,10,71287234,73147318
ukb23157_c10_b18_v1.vcf.gz,10,73147319,73957386
ukb23157_c10_b19_v1.vcf.gz,10,73957387,78539775
ukb23157_c10_b20_v1.vcf.gz,10,78539776,84253667
ukb23157_c10_b21_v1.vcf.gz,10,84253668,88672776
ukb23157_c10_b22_v1.vcf.gz,10,88672777,91959533
ukb23157_c10_b23_v1.vcf.gz,10,91959534,93795158
ukb23157_c10_b24_v1.vcf.gz,10,93795159,95869829
ukb23157_c10_b25_v1.vcf.gz,10,95869830,97381598
ukb23157_c10_b26_v1.vcf.gz,10,97381599,99406487
ukb23157_c10_b27_v1.vcf.gz,10,99406488,100746948
ukb23157_c10_b28_v1.vcf.gz,10,100746949,102112970
ukb23157_c10_b29_v1.vcf.gz,10,102112971,103091279
ukb23157_c10_b30_v1.vcf.gz,10,103091280,104190304
ukb23157_c10_b31_v1.vcf.gz,10,104190305,112152894
ukb23157_c10_b32_v1.vcf.gz,10,112152895,114230154
ukb23157_c10_b33_v1.vcf.gz,10,114230155,116904291
ukb23157_c10_b34_v1.vcf.gz,10,116904292,119923509
ukb23157_c10_b35_v1.vcf.gz,10,119923510,122829362
ukb23157_c10_b36_v1.vcf.gz,10,122829363,125775012
ukb23157_c10_b37_v1.vcf.gz,10,125775013,130166798
ukb23157_c10_b38_v1.vcf.gz,10,130166799,133086468
ukb23157_c10_b39_v1.vcf.gz,10,133086469,133797422
ukb23157_c11_b0_v1.vcf.gz,11,1,556711
ukb23157_c11_b1_v1.vcf.gz,11,556712,823066
ukb23157_c11_b2_v1.vcf.gz,11,823067,1197405
ukb23157_c11_b3_v1.vcf.gz,11,1197406,1873928
ukb23157_c11_b4_v1.vcf.gz,11,1873929,3105819
ukb23157_c11_b5_v1.vcf.gz,11,3105820,5053055
ukb23157_c11_b6_v1.vcf.gz,11,5053056,6408143
ukb23157_c11_b7_v1.vcf.gz,11,6408144,7308392
ukb23157_c11_b8_v1.vcf.gz,11,7308393,9012489
ukb23157_c11_b9_v1.vcf.gz,11,9012490,10624910
ukb23157_c11_b10_v1.vcf.gz,11,10624911,14264249
ukb23157_c11_b11_v1.vcf.gz,11,14264250,17475859
ukb23157_c11_b12_v1.vcf.gz,11,17475860,18517841
ukb23157_c11_b13_v1.vcf.gz,11,18517842,22266677
ukb23157_c11_b14_v1.vcf.gz,11,22266678,31278123
ukb23157_c11_b15_v1.vcf.gz,11,31278124,34099181
ukb23157_c11_b16_v1.vcf.gz,11,34099182,43446329
ukb23157_c11_b17_v1.vcf.gz,11,43446330,46367525
ukb23157_c11_b18_v1.vcf.gz,11,46367526,47260957
ukb23157_c11_b19_v1.vcf.gz,11,47260958,48126482
ukb23157_c11_b20_v1.vcf.gz,11,48126483,56332641
ukb23157_c11_b21_v1.vcf.gz,11,56332642,57807573
ukb23157_c11_b22_v1.vcf.gz,11,57807574,60093760
ukb23157_c11_b23_v1.vcf.gz,11,60093761,61343092
ukb23157_c11_b24_v1.vcf.gz,11,61343093,62420685
ukb23157_c11_b25_v1.vcf.gz,11,62420686,62790334
ukb23157_c11_b26_v1.vcf.gz,11,62790335,63946199
ukb23157_c11_b27_v1.vcf.gz,11,63946200,64600604
ukb23157_c11_b28_v1.vcf.gz,11,64600605,64939117
ukb23157_c11_b29_v1.vcf.gz,11,64939118,65549585
ukb23157_c11_b30_v1.vcf.gz,11,65549586,65918563
ukb23157_c11_b31_v1.vcf.gz,11,65918564,66517774
ukb23157_c11_b32_v1.vcf.gz,11,66517775,67281321
ukb23157_c11_b33_v1.vcf.gz,11,67281322,67666799
ukb23157_c11_b34_v1.vcf.gz,11,67666800,69075741
ukb23157_c11_b35_v1.vcf.gz,11,69075742,72003712
ukb23157_c11_b36_v1.vcf.gz,11,72003713,73296149
ukb23157_c11_b37_v1.vcf.gz,11,73296150,74851595
ukb23157_c11_b38_v1.vcf.gz,11,74851596,77157834
ukb23157_c11_b39_v1.vcf.gz,11,77157835,78808806
ukb23157_c11_b40_v1.vcf.gz,11,78808807,86444616
ukb23157_c11_b41_v1.vcf.gz,11,86444617,92873969
ukb23157_c11_b42_v1.vcf.gz,11,92873970,95151416
ukb23157_c11_b43_v1.vcf.gz,11,95151417,102703827
ukb23157_c11_b44_v1.vcf.gz,11,102703828,106085124
ukb23157_c11_b45_v1.vcf.gz,11,106085125,108839939
ukb23157_c11_b46_v1.vcf.gz,11,108839940,112186477
ukb23157_c11_b47_v1.vcf.gz,11,112186478,116126491
ukb23157_c11_b48_v1.vcf.gz,11,116126492,117826369
ukb23157_c11_b49_v1.vcf.gz,11,117826370,118764257
ukb23157_c11_b50_v1.vcf.gz,11,118764258,119344139
ukb23157_c11_b51_v1.vcf.gz,11,119344140,122775240
ukb23157_c11_b52_v1.vcf.gz,11,122775241,124792294
ukb23157_c11_b53_v1.vcf.gz,11,124792295,126261801
ukb23157_c11_b54_v1.vcf.gz,11,126261802,130195537
ukb23157_c11_b55_v1.vcf.gz,11,130195538,134222294
ukb23157_c11_b56_v1.vcf.gz,11,134222295,135086622
ukb23157_c12_b0_v1.vcf.gz,12,1,1829574
ukb23157_c12_b1_v1.vcf.gz,12,1829575,4371688
ukb23157_c12_b2_v1.vcf.gz,12,4371689,6388652
ukb23157_c12_b3_v1.vcf.gz,12,6388653,6851901
ukb23157_c12_b4_v1.vcf.gz,12,6851902,7693082
ukb23157_c12_b5_v1.vcf.gz,12,7693083,9153979
ukb23157_c12_b6_v1.vcf.gz,12,9153980,11046349
ukb23157_c12_b7_v1.vcf.gz,12,11046350,14590406
ukb23157_c12_b8_v1.vcf.gz,12,14590407,19358924
ukb23157_c12_b9_v1.vcf.gz,12,19358925,22483719
ukb23157_c12_b10_v1.vcf.gz,12,22483720,27055523
ukb23157_c12_b11_v1.vcf.gz,12,27055524,31115900
ukb23157_c12_b12_v1.vcf.gz,12,31115901,39340634
ukb23157_c12_b13_v1.vcf.gz,12,39340635,40546887
ukb23157_c12_b14_v1.vcf.gz,12,40546888,45436012
ukb23157_c12_b15_v1.vcf.gz,12,45436013,48086281
ukb23157_c12_b16_v1.vcf.gz,12,48086282,49047377
ukb23157_c12_b17_v1.vcf.gz,12,49047378,49952672
ukb23157_c12_b18_v1.vcf.gz,12,49952673,51241722
ukb23157_c12_b19_v1.vcf.gz,12,51241723,52362662
ukb23157_c12_b20_v1.vcf.gz,12,52362663,52949958
ukb23157_c12_b21_v1.vcf.gz,12,52949959,53484710
ukb23157_c12_b22_v1.vcf.gz,12,53484711,55326619
ukb23157_c12_b23_v1.vcf.gz,12,55326620,56135585
ukb23157_c12_b24_v1.vcf.gz,12,56135586,56630553
ukb23157_c12_b25_v1.vcf.gz,12,56630554,57236200
ukb23157_c12_b26_v1.vcf.gz,12,57236201,57753632
ukb23157_c12_b27_v1.vcf.gz,12,57753633,64422237
ukb23157_c12_b28_v1.vcf.gz,12,64422238,68723939
ukb23157_c12_b29_v1.vcf.gz,12,68723940,71660156
ukb23157_c12_b30_v1.vcf.gz,12,71660157,78175932
ukb23157_c12_b31_v1.vcf.gz,12,78175933,83040891
ukb23157_c12_b32_v1.vcf.gz,12,83040892,92144917
ukb23157_c12_b33_v1.vcf.gz,12,92144918,95998449
ukb23157_c12_b34_v1.vcf.gz,12,95998450,100205366
ukb23157_c12_b35_v1.vcf.gz,12,100205367,102117092
ukb23157_c12_b36_v1.vcf.gz,12,102117093,105112739
ukb23157_c12_b37_v1.vcf.gz,12,105112740,108531750
ukb23157_c12_b38_v1.vcf.gz,12,108531751,109529199
ukb23157_c12_b39_v1.vcf.gz,12,109529200,110876933
ukb23157_c12_b40_v1.vcf.gz,12,110876934,112257506
ukb23157_c12_b41_v1.vcf.gz,12,112257507,113465406
ukb23157_c12_b42_v1.vcf.gz,12,113465407,118056756
ukb23157_c12_b43_v1.vcf.gz,12,118056757,120223358
ukb23157_c12_b44_v1.vcf.gz,12,120223359,121580622
ukb23157_c12_b45_v1.vcf.gz,12,121580623,122519777
ukb23157_c12_b46_v1.vcf.gz,12,122519778,123307014
ukb23157_c12_b47_v1.vcf.gz,12,123307015,124325886
ukb23157_c12_b48_v1.vcf.gz,12,124325887,130413455
ukb23157_c12_b49_v1.vcf.gz,12,130413456,132149937
ukb23157_c12_b50_v1.vcf.gz,12,132149938,132848431
ukb23157_c12_b51_v1.vcf.gz,12,132848432,133275309
ukb23157_c13_b0_v1.vcf.gz,13,1,21530975
ukb23157_c13_b1_v1.vcf.gz,13,21530976,25133822
ukb23157_c13_b2_v1.vcf.gz,13,25133823,28393531
ukb23157_c13_b3_v1.vcf.gz,13,28393532,32330205
ukb23157_c13_b4_v1.vcf.gz,13,32330206,36282996
ukb23157_c13_b5_v1.vcf.gz,13,36282997,40970499
ukb23157_c13_b6_v1.vcf.gz,13,40970500,44972562
ukb23157_c13_b7_v1.vcf.gz,13,44972563,48305664
ukb23157_c13_b8_v1.vcf.gz,13,48305665,51794541
ukb23157_c13_b9_v1.vcf.gz,13,51794542,71477508
ukb23157_c13_b10_v1.vcf.gz,13,71477509,77229354
ukb23157_c13_b11_v1.vcf.gz,13,77229355,95589504
ukb23157_c13_b12_v1.vcf.gz,13,95589505,99305120
ukb23157_c13_b13_v1.vcf.gz,13,99305121,102754398
ukb23157_c13_b14_v1.vcf.gz,13,102754399,110631045
ukb23157_c13_b15_v1.vcf.gz,13,110631046,113120931
ukb23157_c13_b16_v1.vcf.gz,13,113120932,114054305
ukb23157_c13_b17_v1.vcf.gz,13,114054306,114364328
ukb23157_c14_b0_v1.vcf.gz,14,1,20696681
ukb23157_c14_b1_v1.vcf.gz,14,20696682,21649962
ukb23157_c14_b2_v1.vcf.gz,14,21649963,23323221
ukb23157_c14_b3_v1.vcf.gz,14,23323222,24062982
ukb23157_c14_b4_v1.vcf.gz,14,24062983,24317562
ukb23157_c14_b5_v1.vcf.gz,14,24317563,31113680
ukb23157_c14_b6_v1.vcf.gz,14,31113681,35469448
ukb23157_c14_b7_v1.vcf.gz,14,35469449,39336462
ukb23157_c14_b8_v1.vcf.gz,14,39336463,49827122
ukb23157_c14_b9_v1.vcf.gz,14,49827123,50999435
ukb23157_c14_b10_v1.vcf.gz,14,50999436,54988207
ukb23157_c14_b11_v1.vcf.gz,14,54988208,58405043
ukb23157_c14_b12_v1.vcf.gz,14,58405044,61447444
ukb23157_c14_b13_v1.vcf.gz,14,61447445,64443547
ukb23157_c14_b14_v1.vcf.gz,14,64443548,67556577
ukb23157_c14_b15_v1.vcf.gz,14,67556578,69616107
ukb23157_c14_b16_v1.vcf.gz,14,69616108,73048074
ukb23157_c14_b17_v1.vcf.gz,14,73048075,74291392
ukb23157_c14_b18_v1.vcf.gz,14,74291393,75629190
ukb23157_c14_b19_v1.vcf.gz,14,75629191,77457792
ukb23157_c14_b20_v1.vcf.gz,14,77457793,88187060
ukb23157_c14_b21_v1.vcf.gz,14,88187061,90921710
ukb23157_c14_b22_v1.vcf.gz,14,90921711,92809886
ukb23157_c14_b23_v1.vcf.gz,14,92809887,94536730
ukb23157_c14_b24_v1.vcf.gz,14,94536731,99402241
ukb23157_c14_b25_v1.vcf.gz,14,99402242,102017977
ukb23157_c14_b26_v1.vcf.gz,14,102017978,103103356
ukb23157_c14_b27_v1.vcf.gz,14,103103357,104178223
ukb23157_c14_b28_v1.vcf.gz,14,104178224,104997369
ukb23157_c14_b29_v1.vcf.gz,14,104997370,107043718
ukb23157_c15_b0_v1.vcf.gz,15,1,26625208
ukb23157_c15_b1_v1.vcf.gz,15,26625209,29764351
ukb23157_c15_b2_v1.vcf.gz,15,29764352,32597024
ukb23157_c15_b3_v1.vcf.gz,15,32597025,34344783
ukb23157_c15_b4_v1.vcf.gz,15,34344784,40029911
ukb23157_c15_b5_v1.vcf.gz,15,40029912,40772374
ukb23157_c15_b6_v1.vcf.gz,15,40772375,41741374
ukb23157_c15_b7_v1.vcf.gz,15,41741375,42158661
ukb23157_c15_b8_v1.vcf.gz,15,42158662,42780330
ukb23157_c15_b9_v1.vcf.gz,15,42780331,43611689
ukb23157_c15_b10_v1.vcf.gz,15,43611690,45107156
ukb23157_c15_b11_v1.vcf.gz,15,45107157,48471653
ukb23157_c15_b12_v1.vcf.gz,15,48471654,50613981
ukb23157_c15_b13_v1.vcf.gz,15,50613982,52341755
ukb23157_c15_b14_v1.vcf.gz,15,52341756,56123223
ukb23157_c15_b15_v1.vcf.gz,15,56123224,59100084
ukb23157_c15_b16_v1.vcf.gz,15,59100085,62406147
ukb23157_c15_b17_v1.vcf.gz,15,62406148,64058863
ukb23157_c15_b18_v1.vcf.gz,15,64058864,65355526
ukb23157_c15_b19_v1.vcf.gz,15,65355527,66707871
ukb23157_c15_b20_v1.vcf.gz,15,66707872,69447366
ukb23157_c15_b21_v1.vcf.gz,15,69447367,72576447
ukb23157_c15_b22_v1.vcf.gz,15,72576448,74264625
ukb23157_c15_b23_v1.vcf.gz,15,74264626,75355469
ukb23157_c15_b24_v1.vcf.gz,15,75355470,77210920
ukb23157_c15_b25_v1.vcf.gz,15,77210921,78767214
ukb23157_c15_b26_v1.vcf.gz,15,78767215,81337248
ukb23157_c15_b27_v1.vcf.gz,15,81337249,83637024
ukb23157_c15_b28_v1.vcf.gz,15,83637025,86265605
ukb23157_c15_b29_v1.vcf.gz,15,86265606,89620617
ukb23157_c15_b30_v1.vcf.gz,15,89620618,90535120
ukb23157_c15_b31_v1.vcf.gz,15,90535121,92976591
ukb23157_c15_b32_v1.vcf.gz,15,92976592,100639265
ukb23157_c15_b33_v1.vcf.gz,15,100639266,101991189
ukb23157_c16_b0_v1.vcf.gz,16,1,473119
ukb23157_c16_b1_v1.vcf.gz,16,473120,716823
ukb23157_c16_b2_v1.vcf.gz,16,716824,1216262
ukb23157_c16_b3_v1.vcf.gz,16,1216263,1502524
ukb23157_c16_b4_v1.vcf.gz,16,1502525,1945726
ukb23157_c16_b5_v1.vcf.gz,16,1945727,2108141
ukb23157_c16_b6_v1.vcf.gz,16,2108142,2377973
ukb23157_c16_b7_v1.vcf.gz,16,2377974,3014687
ukb23157_c16_b8_v1.vcf.gz,16,3014688,3573688
ukb23157_c16_b9_v1.vcf.gz,16,3573689,4577787
ukb23157_c16_b10_v1.vcf.gz,16,4577788,4989523
ukb23157_c16_b11_v1.vcf.gz,16,4989524,8933489
ukb23157_c16_b12_v1.vcf.gz,16,8933490,11768765
ukb23157_c16_b13_v1.vcf.gz,16,11768766,15016666
ukb23157_c16_b14_v1.vcf.gz,16,15016667,16210521
ukb23157_c16_b15_v1.vcf.gz,16,16210522,19577086
ukb23157_c16_b16_v1.vcf.gz,16,19577087,21001810
ukb23157_c16_b17_v1.vcf.gz,16,21001811,22675497
ukb23157_c16_b18_v1.vcf.gz,16,22675498,24777841
ukb23157_c16_b19_v1.vcf.gz,16,24777842,28129090
ukb23157_c16_b20_v1.vcf.gz,16,28129091,28984080
ukb23157_c16_b21_v1.vcf.gz,16,28984081,30083120
ukb23157_c16_b22_v1.vcf.gz,16,30083121,30740738
ukb23157_c16_b23_v1.vcf.gz,16,30740739,31218061
ukb23157_c16_b24_v1.vcf.gz,16,31218062,46899209
ukb23157_c16_b25_v1.vcf.gz,16,46899210,50292286
ukb23157_c16_b26_v1.vcf.gz,16,50292287,54197856
ukb23157_c16_b27_v1.vcf.gz,16,54197857,56875431
ukb23157_c16_b28_v1.vcf.gz,16,56875432,57637003
ukb23157_c16_b29_v1.vcf.gz,16,57637004,58265009
ukb23157_c16_b30_v1.vcf.gz,16,58265010,66810554
ukb23157_c16_b31_v1.vcf.gz,16,66810555,67283566
ukb23157_c16_b32_v1.vcf.gz,16,67283567,67883357
ukb23157_c16_b33_v1.vcf.gz,16,67883358,68812787
ukb23157_c16_b34_v1.vcf.gz,16,68812788,70253086
ukb23157_c16_b35_v1.vcf.gz,16,70253087,70948184
ukb23157_c16_b36_v1.vcf.gz,16,70948185,72058734
ukb23157_c16_b37_v1.vcf.gz,16,72058735,74891149
ukb23157_c16_b38_v1.vcf.gz,16,74891150,77212471
ukb23157_c16_b39_v1.vcf.gz,16,77212472,81208062
ukb23157_c16_b40_v1.vcf.gz,16,81208063,84035085
ukb23157_c16_b41_v1.vcf.gz,16,84035086,84941492
ukb23157_c16_b42_v1.vcf.gz,16,84941493,87693552
ukb23157_c16_b43_v1.vcf.gz,16,87693553,88715427
ukb23157_c16_b44_v1.vcf.gz,16,88715428,89221621
ukb23157_c16_b45_v1.vcf.gz,16,89221622,89740451
ukb23157_c16_b46_v1.vcf.gz,16,89740452,90338345
ukb23157_c17_b0_v1.vcf.gz,17,1,1576180
ukb23157_c17_b1_v1.vcf.gz,17,1576181,2301838
ukb23157_c17_b2_v1.vcf.gz,17,2301839,3571880
ukb23157_c17_b3_v1.vcf.gz,17,3571881,4107730
ukb23157_c17_b4_v1.vcf.gz,17,4107731,4818953
ukb23157_c17_b5_v1.vcf.gz,17,4818954,5384714
ukb23157_c17_b6_v1.vcf.gz,17,5384715,7033107
ukb23157_c17_b7_v1.vcf.gz,17,7033108,7410434
ukb23157_c17_b8_v1.vcf.gz,17,7410435,7783645
ukb23157_c17_b9_v1.vcf.gz,17,7783646,8146254
ukb23157_c17_b10_v1.vcf.gz,17,8146255,9245272
ukb23157_c17_b11_v1.vcf.gz,17,9245273,10632245
ukb23157_c17_b12_v1.vcf.gz,17,10632246,14269175
ukb23157_c17_b13_v1.vcf.gz,17,14269176,16945107
ukb23157_c17_b14_v1.vcf.gz,17,16945108,18141924
ukb23157_c17_b15_v1.vcf.gz,17,18141925,18979199
ukb23157_c17_b16_v1.vcf.gz,17,18979200,21186586
ukb23157_c17_b17_v1.vcf.gz,17,21186587,28578946
ukb23157_c17_b18_v1.vcf.gz,17,28578947,29091634
ukb23157_c17_b19_v1.vcf.gz,17,29091635,30521137
ukb23157_c17_b20_v1.vcf.gz,17,30521138,32361217
ukb23157_c17_b21_v1.vcf.gz,17,32361218,35483960
ukb23157_c17_b22_v1.vcf.gz,17,35483961,36942558
ukb23157_c17_b23_v1.vcf.gz,17,36942559,38690063
ukb23157_c17_b24_v1.vcf.gz,17,38690064,39671595
ukb23157_c17_b25_v1.vcf.gz,17,39671596,40392462
ukb23157_c17_b26_v1.vcf.gz,17,40392463,41289016
ukb23157_c17_b27_v1.vcf.gz,17,41289017,41869299
ukb23157_c17_b28_v1.vcf.gz,17,41869300,42566546
ukb23157_c17_b29_v1.vcf.gz,17,42566547,43072784
ukb23157_c17_b30_v1.vcf.gz,17,43072785,44209928
ukb23157_c17_b31_v1.vcf.gz,17,44209929,44928698
ukb23157_c17_b32_v1.vcf.gz,17,44928699,46727734
ukb23157_c17_b33_v1.vcf.gz,17,46727735,48040662
ukb23157_c17_b34_v1.vcf.gz,17,48040663,49716913
ukb23157_c17_b35_v1.vcf.gz,17,49716914,50544682
ukb23157_c17_b36_v1.vcf.gz,17,50544683,55150581
ukb23157_c17_b37_v1.vcf.gz,17,55150582,58309673
ukb23157_c17_b38_v1.vcf.gz,17,58309674,59850115
ukb23157_c17_b39_v1.vcf.gz,17,59850116,62020386
ukb23157_c17_b40_v1.vcf.gz,17,62020387,63777047
ukb23157_c17_b41_v1.vcf.gz,17,63777048,64533887
ukb23157_c17_b42_v1.vcf.gz,17,64533888,67826116
ukb23157_c17_b43_v1.vcf.gz,17,67826117,69178832
ukb23157_c17_b44_v1.vcf.gz,17,69178833,74343691
ukb23157_c17_b45_v1.vcf.gz,17,74343692,75020788
ukb23157_c17_b46_v1.vcf.gz,17,75020789,75665799
ukb23157_c17_b47_v1.vcf.gz,17,75665800,76033451
ukb23157_c17_b48_v1.vcf.gz,17,76033452,76734923
ukb23157_c17_b49_v1.vcf.gz,17,76734924,78427816
ukb23157_c17_b50_v1.vcf.gz,17,78427817,79780561
ukb23157_c17_b51_v1.vcf.gz,17,79780562,80363461
ukb23157_c17_b52_v1.vcf.gz,17,80363462,81251903
ukb23157_c17_b53_v1.vcf.gz,17,81251904,81915070
ukb23157_c17_b54_v1.vcf.gz,17,81915071,82245403
ukb23157_c17_b55_v1.vcf.gz,17,82245404,83257441
ukb23157_c18_b0_v1.vcf.gz,18,1,3252857
ukb23157_c18_b1_v1.vcf.gz,18,3252858,8617445
ukb23157_c18_b2_v1.vcf.gz,18,8617446,11887846
ukb23157_c18_b3_v1.vcf.gz,18,11887847,14645782
ukb23157_c18_b4_v1.vcf.gz,18,14645783,23546577
ukb23157_c18_b5_v1.vcf.gz,18,23546578,27987142
ukb23157_c18_b6_v1.vcf.gz,18,27987143,33280227
ukb23157_c18_b7_v1.vcf.gz,18,33280228,36799403
ukb23157_c18_b8_v1.vcf.gz,18,36799404,46497489
ukb23157_c18_b9_v1.vcf.gz,18,46497490,49820146
ukb23157_c18_b10_v1.vcf.gz,18,49820147,55244589
ukb23157_c18_b11_v1.vcf.gz,18,55244590,59249735
ukb23157_c18_b12_v1.vcf.gz,18,59249736,63752885
ukb23157_c18_b13_v1.vcf.gz,18,63752886,74514973
ukb23157_c18_b14_v1.vcf.gz,18,74514974,79422539
ukb23157_c18_b15_v1.vcf.gz,18,79422540,80373285
ukb23157_c19_b0_v1.vcf.gz,19,1,729394
ukb23157_c19_b1_v1.vcf.gz,19,729395,1046603
ukb23157_c19_b2_v1.vcf.gz,19,1046604,1361640
ukb23157_c19_b3_v1.vcf.gz,19,1361641,1796487
ukb23157_c19_b4_v1.vcf.gz,19,1796488,2222919
ukb23157_c19_b5_v1.vcf.gz,19,2222920,2925888
ukb23157_c19_b6_v1.vcf.gz,19,2925889,3594061
ukb23157_c19_b7_v1.vcf.gz,19,3594062,4106868
ukb23157_c19_b8_v1.vcf.gz,19,4106869,4539466
ukb23157_c19_b9_v1.vcf.gz,19,4539467,5682785
ukb23157_c19_b10_v1.vcf.gz,19,5682786,6417412
ukb23157_c19_b11_v1.vcf.gz,19,6417413,7367858
ukb23157_c19_b12_v1.vcf.gz,19,7367859,7857657
ukb23157_c19_b13_v1.vcf.gz,19,7857658,8494460
ukb23157_c19_b14_v1.vcf.gz,19,8494461,8968481
ukb23157_c19_b15_v1.vcf.gz,19,8968482,10054088
ukb23157_c19_b16_v1.vcf.gz,19,10054089,10516213
ukb23157_c19_b17_v1.vcf.gz,19,10516214,11185775
ukb23157_c19_b18_v1.vcf.gz,19,11185776,11878246
ukb23157_c19_b19_v1.vcf.gz,19,11878247,12753952
ukb23157_c19_b20_v1.vcf.gz,19,12753953,13362557
ukb23157_c19_b21_v1.vcf.gz,19,13362558,14399762
ukb23157_c19_b22_v1.vcf.gz,19,14399763,15185137
ukb23157_c19_b23_v1.vcf.gz,19,15185138,15984381
ukb23157_c19_b24_v1.vcf.gz,19,15984382,16941997
ukb23157_c19_b25_v1.vcf.gz,19,16941998,17535538
ukb23157_c19_b26_v1.vcf.gz,19,17535539,18136539
ukb23157_c19_b27_v1.vcf.gz,19,18136540,18789619
ukb23157_c19_b28_v1.vcf.gz,19,18789620,19503934
ukb23157_c19_b29_v1.vcf.gz,19,19503935,21406712
ukb23157_c19_b30_v1.vcf.gz,19,21406713,30006588
ukb23157_c19_b31_v1.vcf.gz,19,30006589,33208232
ukb23157_c19_b32_v1.vcf.gz,19,33208233,35133898
ukb23157_c19_b33_v1.vcf.gz,19,35133899,35730233
ukb23157_c19_b34_v1.vcf.gz,19,35730234,36113208
ukb23157_c19_b35_v1.vcf.gz,19,36113209,37897236
ukb23157_c19_b36_v1.vcf.gz,19,37897237,38540653
ukb23157_c19_b37_v1.vcf.gz,19,38540654,39198711
ukb23157_c19_b38_v1.vcf.gz,19,39198712,39892548
ukb23157_c19_b39_v1.vcf.gz,19,39892549,40600773
ukb23157_c19_b40_v1.vcf.gz,19,40600774,41360726
ukb23157_c19_b41_v1.vcf.gz,19,41360727,42254437
ukb23157_c19_b42_v1.vcf.gz,19,42254438,43190288
ukb23157_c19_b43_v1.vcf.gz,19,43190289,44123825
ukb23157_c19_b44_v1.vcf.gz,19,44123826,45039001
ukb23157_c19_b45_v1.vcf.gz,19,45039002,45587770
ukb23157_c19_b46_v1.vcf.gz,19,45587771,46401183
ukb23157_c19_b47_v1.vcf.gz,19,46401184,47358984
ukb23157_c19_b48_v1.vcf.gz,19,47358985,48188709
ukb23157_c19_b49_v1.vcf.gz,19,48188710,48738450
ukb23157_c19_b50_v1.vcf.gz,19,48738451,49117163
ukb23157_c19_b51_v1.vcf.gz,19,49117164,49593946
ukb23157_c19_b52_v1.vcf.gz,19,49593947,49889146
ukb23157_c19_b53_v1.vcf.gz,19,49889147,50508992
ukb23157_c19_b54_v1.vcf.gz,19,50508993,51327465
ukb23157_c19_b55_v1.vcf.gz,19,51327466,52336015
ukb23157_c19_b56_v1.vcf.gz,19,52336016,53813097
ukb23157_c19_b57_v1.vcf.gz,19,53813098,54278686
ukb23157_c19_b58_v1.vcf.gz,19,54278687,54845050
ukb23157_c19_b59_v1.vcf.gz,19,54845051,55254736
ukb23157_c19_b60_v1.vcf.gz,19,55254737,55660828
ukb23157_c19_b61_v1.vcf.gz,19,55660829,56561237
ukb23157_c19_b62_v1.vcf.gz,19,56561238,57634344
ukb23157_c19_b63_v1.vcf.gz,19,57634345,58403113
ukb23157_c19_b64_v1.vcf.gz,19,58403114,58617616
ukb23157_c20_b0_v1.vcf.gz,20,1,2110015
ukb23157_c20_b1_v1.vcf.gz,20,2110016,3233778
ukb23157_c20_b2_v1.vcf.gz,20,3233779,4754677
ukb23157_c20_b3_v1.vcf.gz,20,4754678,10045058
ukb23157_c20_b4_v1.vcf.gz,20,10045059,17625089
ukb23157_c20_b5_v1.vcf.gz,20,17625090,20381449
ukb23157_c20_b6_v1.vcf.gz,20,20381450,25138980
ukb23157_c20_b7_v1.vcf.gz,20,25138981,31914892
ukb23157_c20_b8_v1.vcf.gz,20,31914893,33058037
ukb23157_c20_b9_v1.vcf.gz,20,33058038,34721311
ukb23157_c20_b10_v1.vcf.gz,20,34721312,35617379
ukb23157_c20_b11_v1.vcf.gz,20,35617380,37005638
ukb23157_c20_b12_v1.vcf.gz,20,37005639,38640555
ukb23157_c20_b13_v1.vcf.gz,20,38640556,43534610
ukb23157_c20_b14_v1.vcf.gz,20,43534611,45305153
ukb23157_c20_b15_v1.vcf.gz,20,45305154,46035655
ukb23157_c20_b16_v1.vcf.gz,20,46035656,48659073
ukb23157_c20_b17_v1.vcf.gz,20,48659074,50751102
ukb23157_c20_b18_v1.vcf.gz,20,50751103,56632604
ukb23157_c20_b19_v1.vcf.gz,20,56632605,59195275
ukb23157_c20_b20_v1.vcf.gz,20,59195276,62314052
ukb23157_c20_b21_v1.vcf.gz,20,62314053,62891570
ukb23157_c20_b22_v1.vcf.gz,20,62891571,63566648
ukb23157_c20_b23_v1.vcf.gz,20,63566649,64068747
ukb23157_c20_b24_v1.vcf.gz,20,64068748,64444167
ukb23157_c21_b0_v1.vcf.gz,21,1,25908408
ukb23157_c21_b1_v1.vcf.gz,21,25908409,31259099
ukb23157_c21_b2_v1.vcf.gz,21,31259100,33518985
ukb23157_c21_b3_v1.vcf.gz,21,33518986,36238007
ukb23157_c21_b4_v1.vcf.gz,21,36238008,39198088
ukb23157_c21_b5_v1.vcf.gz,21,39198089,41864653
ukb23157_c21_b6_v1.vcf.gz,21,41864654,43664838
ukb23157_c21_b7_v1.vcf.gz,21,43664839,44527984
ukb23157_c21_b8_v1.vcf.gz,21,44527985,45531179
ukb23157_c21_b9_v1.vcf.gz,21,45531180,46356299
ukb23157_c21_b10_v1.vcf.gz,21,46356300,46709983
ukb23157_c22_b0_v1.vcf.gz,22,1,18168939
ukb23157_c22_b1_v1.vcf.gz,22,18168940,19849512
ukb23157_c22_b2_v1.vcf.gz,22,19849513,20559798
ukb23157_c22_b3_v1.vcf.gz,22,20559799,21793909
ukb23157_c22_b4_v1.vcf.gz,22,21793910,23972888
ukb23157_c22_b5_v1.vcf.gz,22,23972889,25462566
ukb23157_c22_b6_v1.vcf.gz,22,25462567,28796634
ukb23157_c22_b7_v1.vcf.gz,22,28796635,30021456
ukb23157_c22_b8_v1.vcf.gz,22,30021457,31100390
ukb23157_c22_b9_v1.vcf.gz,22,31100391,32088969
ukb23157_c22_b10_v1.vcf.gz,22,32088970,36274350
ukb23157_c22_b11_v1.vcf.gz,22,36274351,37499889
ukb23157_c22_b12_v1.vcf.gz,22,37499890,38088005
ukb23157_c22_b13_v1.vcf.gz,22,38088006,39043586
ukb23157_c22_b14_v1.vcf.gz,22,39043587,40410784
ukb23157_c22_b15_v1.vcf.gz,22,40410785,41603020
ukb23157_c22_b16_v1.vcf.gz,22,41603021,42642420
ukb23157_c22_b17_v1.vcf.gz,22,42642421,44186823
ukb23157_c22_b18_v1.vcf.gz,22,44186824,46265680
ukb23157_c22_b19_v1.vcf.gz,22,46265681,49919997
ukb23157_c22_b20_v1.vcf.gz,22,49919998,50284392
ukb23157_c22_b21_v1.vcf.gz,22,50284393,50606295
ukb23157_c22_b22_v1.vcf.gz,22,50606296,50818468
ukb23157_cX_b0_v1.vcf.gz,X,1,7219786
ukb23157_cX_b1_v1.vcf.gz,X,7219787,13663656
ukb23157_cX_b2_v1.vcf.gz,X,13663657,18176191
ukb23157_cX_b3_v1.vcf.gz,X,18176192,21972667
ukb23157_cX_b4_v1.vcf.gz,X,21972668,32390280
ukb23157_cX_b5_v1.vcf.gz,X,32390281,41123824
ukb23157_cX_b6_v1.vcf.gz,X,41123825,47413684
ukb23157_cX_b7_v1.vcf.gz,X,47413685,49062701
ukb23157_cX_b8_v1.vcf.gz,X,49062702,51900395
ukb23157_cX_b9_v1.vcf.gz,X,51900396,54798300
ukb23157_cX_b10_v1.vcf.gz,X,54798301,66260362
ukb23157_cX_b11_v1.vcf.gz,X,66260363,71155460
ukb23157_cX_b12_v1.vcf.gz,X,71155461,76175706
ukb23157_cX_b13_v1.vcf.gz,X,76175707,87625895
ukb23157_cX_b14_v1.vcf.gz,X,87625896,101892854
ukb23157_cX_b15_v1.vcf.gz,X,101892855,107603469
ukb23157_cX_b16_v1.vcf.gz,X,107603470,112781217
ukb23157_cX_b17_v1.vcf.gz,X,112781218,120077524
ukb23157_cX_b18_v1.vcf.gz,X,120077525,129793929
ukb23157_cX_b19_v1.vcf.gz,X,129793930,135552244
ukb23157_cX_b20_v1.vcf.gz,X,135552245,141897932
ukb23157_cX_b21_v1.vcf.gz,X,141897933,152168662
ukb23157_cX_b22_v1.vcf.gz,X,152168663,153788223
ukb23157_cX_b23_v1.vcf.gz,X,153788224,156040895
ukb23157_cY_b0_v1.vcf.gz,Y,1,57227415
